formula,band gap
AgNbLaAlO6,4.1645432
AgNbLaGaO6,4.454628775
AgNbLaInO6,4.192522296
AgNbMgTiO6,3.963856895
AgNbSnTiO6,2.881239408
AgNbYAlO6,3.958215489
AgTaAgNbO6,3.367340076
AgTaBaSnO6,4.115527804
AgTaBaTiO6,3.65187538
AgTaCaGeO6,4.596741977
AgTaCaSiO6,4.787204683
AgTaCaSnO6,4.567418298
AgTaCaTiO6,3.856408782
AgTaCsNbO6,3.257419299
AgTaCsVO6,2.169553701
AgTaGaNbO6,1.784718332
AgTaGaTaO6,2.285462409
AgTaKNbO6,3.43280078
AgTaKSbO6,4.253437286
AgTaLaAlO6,4.544527043
AgTaLaGaO6,4.428479438
AgTaLaInO6,4.598427211
AgTaLiNbO6,3.554350261
AgTaLiVO6,1.661856626
AgTaMgTiO6,4.541470588
AgTaNaNbO6,3.523501827
AgTaNaSbO6,4.383274568
AgTaNaVO6,1.67087028
AgTaPbHfO6,4.468824182
AgTaPbTiO6,3.806312329
AgTaPbZrO6,4.43593134
AgTaRbNbO6,3.372019754
AgTaSnHfO6,3.676099376
AgTaSnTiO6,3.280047217
AgTaSnZrO6,3.671961049
AgTaSrGeO6,4.544428383
AgTaSrSiO6,4.692218139
AgTaSrSnO6,4.170643623
AgTaSrTiO6,3.79098509
AgTaTlNbO6,1.792464465
AgTaYAlO6,4.914572548
BaHfAgNbO6,4.078047088
BaHfAgTaO6,4.189891965
BaHfBaSnO6,6.081554918
BaHfBaTiO6,4.617955975
BaHfBaZrO6,6.343123966
BaHfCaGeO6,6.350080917
BaHfCaHfO6,7.105780282
BaHfCaSiO6,7.124555422
BaHfCaSnO6,6.149864419
BaHfCaTiO6,4.881718641
BaHfCaZrO6,6.793831407
BaHfCsNbO6,4.17192157
BaHfCsTaO6,4.954141388
BaHfCsVO6,2.024082776
BaHfGaNbO6,2.740038109
BaHfGaTaO6,3.468891843
BaHfInNbO6,1.490876326
BaHfInTaO6,2.148573734
BaHfKNbO6,4.237405144
BaHfKSbO6,5.319984256
BaHfKTaO6,5.043565766
BaHfLaAlO6,6.842296397
BaHfLaGaO6,7.087096038
BaHfLaInO6,6.388361955
BaHfLaScO6,7.259237807
BaHfLiNbO6,4.346862988
BaHfLiTaO6,5.156989314
BaHfLiVO6,1.950932284
BaHfMgTiO6,5.157325978
BaHfMgZrO6,7.180769915
BaHfNaNbO6,4.323594526
BaHfNaSbO6,5.605111851
BaHfNaTaO6,5.133972612
BaHfNaVO6,1.943310423
BaHfPbHfO6,5.861282859
BaHfPbTiO6,4.716210837
BaHfPbZrO6,5.798471802
BaHfRbNbO6,4.19891716
BaHfRbTaO6,4.999203073
BaHfSnHfO6,5.154654591
BaHfSnTiO6,4.117831884
BaHfSnZrO6,5.129260058
BaHfSrGeO6,6.108099686
BaHfSrHfO6,6.703417504
BaHfSrSiO6,7.100622387
BaHfSrSnO6,6.260326191
BaHfSrTiO6,4.711382223
BaHfSrZrO6,6.459329422
BaHfTlNbO6,2.787349496
BaHfTlTaO6,3.519530094
BaHfYAlO6,7.467627553
BaSnAgNbO6,4.196255316
BaSnBaTiO6,4.610173391
BaSnCaGeO6,2.613094084
BaSnCaSiO6,3.328665599
BaSnCaSnO6,3.237558695
BaSnCaTiO6,4.634935362
BaSnLaAlO6,5.229700982
BaSnLaGaO6,3.753770355
BaSnLaInO6,3.824912325
BaSnLiNbO6,4.985344912
BaSnLiVO6,2.187158914
BaSnMgTiO6,4.682433617
BaSnMgZrO6,5.534709008
BaSnNaNbO6,4.950429901
BaSnNaSbO6,1.584677745
BaSnNaVO6,2.182041303
BaSnSnTiO6,4.156500556
BaSnSrGeO6,1.902720005
BaSnSrSiO6,3.060194418
BaSnSrSnO6,2.664761815
BaSnSrTiO6,4.845106688
BaTiAgNbO6,3.238934908
BaTiCaGeO6,4.544465349
BaTiCaSiO6,4.314413855
BaTiCaSnO6,4.63511974
BaTiCaTiO6,3.834829908
BaTiCsNbO6,3.933396345
BaTiCsVO6,2.387688728
BaTiLaAlO6,4.924750863
BaTiLaGaO6,5.227039321
BaTiLaInO6,5.084089538
BaTiLiNbO6,3.463015828
BaTiLiVO6,2.517040515
BaTiMgTiO6,4.287310033
BaTiMgZrO6,5.285884852
BaTiNaNbO6,3.438581234
BaTiNaSbO6,3.997105561
BaTiNaVO6,2.180167758
BaTiSnTiO6,2.851249888
BaTiSrGeO6,4.35844875
BaTiSrSiO6,4.207262042
BaTiSrSnO6,4.859086368
BaTiSrTiO6,3.773082118
BaTiTlTaO6,2.184473305
BaTiYAlO6,4.942037308
BaZrAgNbO6,4.048794437
BaZrAgTaO6,4.158986001
BaZrBaSnO6,6.142792824
BaZrBaTiO6,4.586349916
BaZrCaGeO6,5.912270768
BaZrCaSiO6,6.640590237
BaZrCaSnO6,6.572670735
BaZrCaTiO6,4.883903763
BaZrCaZrO6,6.311282226
BaZrCsNbO6,4.133326334
BaZrCsTaO6,4.861702868
BaZrCsVO6,2.395969852
BaZrGaNbO6,2.741399812
BaZrGaTaO6,3.420362849
BaZrInNbO6,1.504016995
BaZrInTaO6,2.115610367
BaZrKNbO6,4.192233183
BaZrKSbO6,5.244987496
BaZrKTaO6,4.946851271
BaZrLaAlO6,6.675560233
BaZrLaGaO6,6.801343992
BaZrLaInO6,6.468202648
BaZrLaScO6,6.949118842
BaZrLiNbO6,4.294253113
BaZrLiTaO6,5.060782046
BaZrLiVO6,1.971169487
BaZrMgTiO6,5.389081221
BaZrMgZrO6,6.96083831
BaZrNaNbO6,4.270644268
BaZrNaSbO6,5.526897153
BaZrNaTaO6,5.030675991
BaZrNaVO6,1.958775816
BaZrPbHfO6,5.798203095
BaZrPbTiO6,4.688503642
BaZrPbZrO6,5.739209581
BaZrRbNbO6,4.158490708
BaZrRbTaO6,4.904996208
BaZrSnHfO6,5.129425153
BaZrSnTiO6,4.11156648
BaZrSnZrO6,5.112918696
BaZrSrGeO6,6.035786095
BaZrSrHfO6,6.459207069
BaZrSrSiO6,6.576553008
BaZrSrSnO6,6.428286699
BaZrSrTiO6,4.67649105
BaZrSrZrO6,6.259867326
BaZrTlNbO6,2.79832233
BaZrTlTaO6,3.480467428
BaZrYAlO6,7.104402829
CaGeAgNbO6,4.220841195
CaGeCaSiO6,4.171278359
CaGeCaSnO6,3.503853221
CaGeCaTiO6,4.802428919
CaGeLaAlO6,5.708900913
CaGeLaGaO6,4.068071283
CaGeLaInO6,4.288775178
CaGeMgTiO6,5.224069822
CaGeSnTiO6,3.350439602
CaGeYAlO6,6.231533057
CaHfAgNbO6,4.219675653
CaHfAgTaO6,5.065212369
CaHfBaSnO6,6.318267248
CaHfBaTiO6,4.891229032
CaHfBaZrO6,6.78352084
CaHfCaGeO6,6.975336372
CaHfCaSiO6,7.339484884
CaHfCaSnO6,6.545899417
CaHfCaTiO6,5.2391328
CaHfCaZrO6,7.019655916
CaHfCsNbO6,4.18714751
CaHfCsVO6,2.234427829
CaHfGaNbO6,2.259002479
CaHfGaTaO6,3.12564489
CaHfInNbO6,1.454858937
CaHfInTaO6,2.03089957
CaHfKNbO6,4.596569242
CaHfKSbO6,5.501346172
CaHfLaAlO6,7.680848563
CaHfLaGaO6,7.195321372
CaHfLaInO6,6.615394048
CaHfLaScO6,7.286131811
CaHfLiNbO6,4.85855487
CaHfLiVO6,2.939415754
CaHfMgTiO6,5.757074701
CaHfMgZrO6,7.657304806
CaHfNaNbO6,5.09102671
CaHfNaSbO6,5.696946038
CaHfNaTaO6,5.899206132
CaHfNaVO6,2.576282825
CaHfPbHfO6,5.946077772
CaHfPbTiO6,4.343194061
CaHfPbZrO6,5.663239448
CaHfRbNbO6,4.347730015
CaHfSnHfO6,5.099139427
CaHfSnTiO6,3.395877585
CaHfSnZrO6,4.960405248
CaHfSrGeO6,6.296526494
CaHfSrHfO6,7.245106988
CaHfSrSiO6,7.311458271
CaHfSrSnO6,6.441396629
CaHfSrTiO6,5.063213848
CaHfSrZrO6,7.258641193
CaHfTlNbO6,2.785946526
CaHfTlTaO6,3.488495574
CaHfYAlO6,8.019541754
CaSiAgNbO6,3.835308947
CaSiCaSnO6,4.523794734
CaSiCaTiO6,4.563855279
CaSiLaAlO6,7.763296446
CaSiLaGaO6,5.420695949
CaSiLaInO6,5.447420818
CaSiMgTiO6,4.905223459
CaSiSnTiO6,2.549360828
CaSiYAlO6,8.343255111
CaSnAgNbO6,3.845223245
CaSnCaTiO6,5.021395043
CaSnLaAlO6,5.731598265
CaSnLaGaO6,4.421397112
CaSnLaInO6,4.332199336
CaSnMgTiO6,5.246768531
CaSnSnTiO6,2.72801287
CaSnYAlO6,5.902973047
CaTiAgNbO6,3.399832758
CaTiLaAlO6,5.239331703
CaTiLaGaO6,5.340395495
CaTiLaInO6,5.218969424
CaTiMgTiO6,4.786930752
CaTiSnTiO6,2.795444748
CaTiYAlO6,5.421790832
CaZrAgNbO6,4.352637765
CaZrAgTaO6,5.00355801
CaZrBaSnO6,6.571947433
CaZrBaTiO6,4.941329535
CaZrCaGeO6,6.336280867
CaZrCaSiO6,6.891564761
CaZrCaSnO6,6.688083161
CaZrCaTiO6,5.26054136
CaZrCsNbO6,4.287619027
CaZrCsVO6,2.604377392
CaZrGaNbO6,2.228163324
CaZrGaTaO6,3.014914456
CaZrInNbO6,1.456944238
CaZrInTaO6,2.057918429
CaZrKNbO6,4.630967138
CaZrKSbO6,5.399489278
CaZrLaAlO6,6.792712674
CaZrLaGaO6,6.915401065
CaZrLaInO6,6.732697601
CaZrLaScO6,7.106711864
CaZrLiNbO6,5.120245746
CaZrLiTaO6,5.605585615
CaZrLiVO6,3.120799521
CaZrMgTiO6,5.924793527
CaZrMgZrO6,7.080509925
CaZrNaNbO6,5.162790192
CaZrNaSbO6,5.537664127
CaZrNaTaO6,5.939519026
CaZrNaVO6,2.457278723
CaZrPbHfO6,5.966256093
CaZrPbTiO6,4.496582604
CaZrPbZrO6,5.921731313
CaZrRbNbO6,4.296312174
CaZrSnHfO6,4.966758775
CaZrSnTiO6,3.500428614
CaZrSrGeO6,6.114467667
CaZrSrHfO6,7.245451656
CaZrSrSiO6,6.832765223
CaZrSrSnO6,6.724869435
CaZrSrTiO6,5.078140778
CaZrSrZrO6,6.802271822
CaZrTlNbO6,2.711079064
CaZrTlTaO6,3.399255554
CaZrYAlO6,7.690766219
CsNbAgNbO6,3.33017012
CsNbBaSnO6,4.222506347
CsNbCaGeO6,3.77620684
CsNbCaSiO6,3.244987246
CsNbCaSnO6,4.0016578
CsNbCaTiO6,3.781984576
CsNbCsTaO6,3.431655002
CsNbGaNbO6,1.568671522
CsNbGaTaO6,1.689092986
CsNbInNbO6,0.772474049
CsNbKNbO6,3.371381999
CsNbKSbO6,3.252953266
CsNbLaAlO6,3.970550913
CsNbLaGaO6,4.445701186
CsNbLaInO6,4.659075089
CsNbLiNbO6,3.358618162
CsNbMgTiO6,3.70530303
CsNbMgZrO6,5.068744498
CsNbNaNbO6,3.456134098
CsNbNaSbO6,3.475302498
CsNbPbHfO6,4.125761782
CsNbPbTiO6,3.806622078
CsNbPbZrO6,4.100090389
CsNbRbNbO6,3.389681924
CsNbSnHfO6,3.837245653
CsNbSnTiO6,2.905831639
CsNbSnZrO6,3.396033234
CsNbSrGeO6,3.617636293
CsNbSrSiO6,3.264936787
CsNbSrSnO6,4.520872076
CsNbSrTiO6,3.872904631
CsNbTlNbO6,2.10377581
CsNbYAlO6,3.724349822
CsTaAgNbO6,3.258149897
CsTaAgTaO6,3.808143901
CsTaBaSnO6,4.584905096
CsTaBaTiO6,3.902959037
CsTaCaGeO6,4.184887473
CsTaCaHfO6,4.97375148
CsTaCaSiO6,4.136175518
CsTaCaSnO6,4.523695478
CsTaCaTiO6,3.849509114
CsTaCaZrO6,4.972347834
CsTaCsVO6,2.139696775
CsTaGaNbO6,1.689655245
CsTaGaTaO6,2.162289219
CsTaKNbO6,3.29564536
CsTaKSbO6,3.598247689
CsTaKTaO6,3.829263824
CsTaLaAlO6,4.790851813
CsTaLaGaO6,5.274671803
CsTaLaInO6,5.039008801
CsTaLaScO6,5.224512176
CsTaLiNbO6,3.3951785
CsTaLiTaO6,3.91261728
CsTaLiVO6,2.351802857
CsTaMgTiO6,3.791325966
CsTaMgZrO6,5.85854129
CsTaNaNbO6,3.375315176
CsTaNaSbO6,3.85601142
CsTaNaTaO6,3.893347423
CsTaNaVO6,2.0949465
CsTaPbHfO6,4.840162189
CsTaPbTiO6,3.441401642
CsTaPbZrO6,4.867170086
CsTaRbNbO6,3.239810056
CsTaRbTaO6,3.759439299
CsTaSnHfO6,3.975569031
CsTaSnTiO6,3.066637476
CsTaSnZrO6,4.550292742
CsTaSrGeO6,3.981506845
CsTaSrHfO6,5.048941056
CsTaSrSiO6,4.170938456
CsTaSrSnO6,4.909403889
CsTaSrTiO6,3.506011227
CsTaSrZrO6,4.95376077
CsTaTlNbO6,2.277721909
CsTaTlTaO6,2.209663313
CsTaYAlO6,4.67918643
CsVBaSnO6,2.072447249
CsVCaGeO6,1.540581216
CsVCaSiO6,1.083685684
CsVCaSnO6,1.797516438
CsVCaTiO6,2.424146688
CsVGaNbO6,0.725860475
CsVGaTaO6,0.427417209
CsVKSbO6,1.53383603
CsVLaAlO6,1.617153328
CsVLaGaO6,1.929652967
CsVLaInO6,2.385279742
CsVLiVO6,1.676047872
CsVMgZrO6,2.234714469
CsVNaSbO6,1.663055524
CsVNaVO6,1.695828684
CsVPbTiO6,2.173707247
CsVSnTiO6,1.531649409
CsVSrGeO6,1.535642736
CsVSrSiO6,1.081372328
CsVSrSnO6,2.126154005
CsVSrTiO6,2.402826221
CsVTlTaO6,1.04242215
CsVYAlO6,1.373149472
GaNbAgNbO6,1.455146082
GaNbBaSnO6,3.13985473
GaNbBaTiO6,1.844905752
GaNbCaGeO6,2.128865476
GaNbCaSiO6,1.379197283
GaNbCaSnO6,1.843996924
GaNbCaTiO6,1.464554512
GaNbLaAlO6,2.126529305
GaNbLaGaO6,2.674483127
GaNbLaInO6,2.493512245
GaNbLiNbO6,1.401236812
GaNbMgTiO6,1.202758352
GaNbMgZrO6,2.970601472
GaNbNaNbO6,1.403098217
GaNbNaSbO6,2.154979683
GaNbPbTiO6,1.511721496
GaNbSnTiO6,1.460795557
GaNbSrGeO6,2.167031343
GaNbSrSiO6,1.440511905
GaNbSrSnO6,3.271136372
GaNbSrTiO6,1.487434643
GaNbYAlO6,1.671893478
GaTaAgNbO6,1.784907466
GaTaBaSnO6,3.486954934
GaTaBaTiO6,1.851214389
GaTaCaGeO6,2.921206721
GaTaCaSiO6,2.257882411
GaTaCaSnO6,2.563279251
GaTaCaTiO6,1.842666325
GaTaGaNbO6,1.453259658
GaTaKNbO6,1.723389689
GaTaKSbO6,2.325015967
GaTaLaAlO6,2.910652372
GaTaLaGaO6,3.453258672
GaTaLaInO6,3.425265999
GaTaLaScO6,3.262926712
GaTaLiNbO6,1.730675149
GaTaMgTiO6,2.177120432
GaTaMgZrO6,3.255670251
GaTaNaNbO6,1.73072672
GaTaNaSbO6,2.542490811
GaTaPbTiO6,1.883185973
GaTaPbZrO6,3.467447345
GaTaRbNbO6,1.714869864
GaTaSnTiO6,1.835986128
GaTaSrGeO6,2.733559859
GaTaSrSiO6,2.327024022
GaTaSrSnO6,3.714192995
GaTaSrTiO6,1.855608911
GaTaTlNbO6,1.474651584
GaTaTlTaO6,1.966914479
GaTaYAlO6,2.555522585
GeTiAgNbO6,2.840460427
GeTiAgTaO6,3.419571663
GeTiBaHfO6,4.160952852
GeTiBaSnO6,3.552575952
GeTiBaTiO6,3.190106777
GeTiBaZrO6,4.148723815
GeTiCaGeO6,3.248836082
GeTiCaHfO6,3.885293853
GeTiCaSiO6,3.563046045
GeTiCaSnO6,3.331224808
GeTiCaTiO6,3.007996942
GeTiCaZrO6,3.893225008
GeTiCsNbO6,3.02429532
GeTiCsTaO6,3.254019469
GeTiCsVO6,1.834517323
GeTiGaNbO6,1.797455269
GeTiGaTaO6,2.269047123
GeTiInNbO6,0.989026589
GeTiInTaO6,1.143574754
GeTiKNbO6,2.948122057
GeTiKSbO6,3.049450929
GeTiKTaO6,3.408221117
GeTiLaAlO6,4.01895421
GeTiLaGaO6,3.822508306
GeTiLaInO6,3.725860364
GeTiLaScO6,4.188933802
GeTiLiNbO6,2.90126163
GeTiLiTaO6,3.43696678
GeTiLiVO6,1.430327721
GeTiMgTiO6,3.188325122
GeTiMgZrO6,3.893705018
GeTiNaNbO6,2.767900919
GeTiNaSbO6,3.04215647
GeTiNaTaO6,3.398923557
GeTiNaVO6,1.463812125
GeTiPbHfO6,4.156892394
GeTiPbTiO6,3.584303518
GeTiPbZrO6,4.235235964
GeTiRbNbO6,2.910860625
GeTiRbTaO6,3.33362419
GeTiSnHfO6,3.861168711
GeTiSnTiO6,2.741981864
GeTiSnZrO6,3.576358601
GeTiSrGeO6,3.339568708
GeTiSrHfO6,4.184483885
GeTiSrSiO6,3.520429543
GeTiSrSnO6,3.597625931
GeTiSrTiO6,3.093917255
GeTiSrZrO6,4.125636681
GeTiTlNbO6,2.289670031
GeTiTlTaO6,2.508634061
GeTiYAlO6,3.701089196
InNbBaSnO6,1.66922478
InNbCaGeO6,0.796683747
InNbCaSnO6,1.90683703
InNbGaNbO6,0.128888784
InNbLaAlO6,0.82273265
InNbLaGaO6,1.15967416
InNbLaInO6,1.745350249
InNbLiNbO6,0.292528091
InNbMgTiO6,1.151989547
InNbMgZrO6,1.268264192
InNbNaNbO6,0.10662043
InNbNaSbO6,0.574152511
InNbSrGeO6,0.781410482
InNbSrSnO6,1.823241323
InNbYAlO6,0.63471935
InTaBaSnO6,1.909782068
InTaCaGeO6,1.127620733
InTaCaSnO6,1.237723535
InTaLaAlO6,1.498605746
InTaLaInO6,2.261798705
InTaLaScO6,2.234428288
InTaNaSbO6,0.818105099
InTaPbHfO6,2.199561857
InTaPbZrO6,2.166244692
InTaSnHfO6,2.150852251
InTaSnZrO6,2.123350206
InTaSrSiO6,0.823857766
InTaSrSnO6,2.094100616
InTaYAlO6,1.302498436
KNbAgNbO6,3.062301209
KNbBaSnO6,4.749720638
KNbBaTiO6,3.817776997
KNbCaGeO6,4.509665846
KNbCaSiO6,4.091124096
KNbCaSnO6,4.597100149
KNbCaTiO6,3.518675705
KNbGaNbO6,1.461851147
KNbKSbO6,3.900486075
KNbLaAlO6,4.47746793
KNbLaGaO6,4.812455616
KNbLaInO6,4.894367785
KNbLiNbO6,3.190324442
KNbMgTiO6,4.020037277
KNbMgZrO6,4.95899481
KNbNaNbO6,3.160753757
KNbNaSbO6,4.204154377
KNbPbTiO6,3.505501913
KNbRbNbO6,3.346984265
KNbSnTiO6,2.80800255
KNbSrGeO6,4.449250085
KNbSrSiO6,3.980946504
KNbSrSnO6,4.96090882
KNbSrTiO6,3.452977088
KNbTlNbO6,1.839635631
KNbYAlO6,4.7281547
KSbAgNbO6,3.905838936
KSbBaTiO6,3.721262439
KSbCaGeO6,1.882994929
KSbCaSiO6,2.732953318
KSbCaSnO6,2.713900428
KSbCaTiO6,4.271677539
KSbGaNbO6,1.968260223
KSbLaAlO6,4.319046481
KSbLaGaO6,2.751327197
KSbLaInO6,3.368820572
KSbLiNbO6,4.305385483
KSbLiVO6,1.895420667
KSbMgTiO6,4.604765276
KSbMgZrO6,5.774517555
KSbNaNbO6,4.209344679
KSbNaVO6,1.877171235
KSbPbTiO6,3.967764744
KSbRbNbO6,3.689934172
KSbSnHfO6,4.021699995
KSbSnTiO6,3.131082711
KSbSrSiO6,2.212024856
KSbSrSnO6,1.629370353
KSbSrTiO6,4.049643271
KSbTlNbO6,1.75729976
KSbYAlO6,4.558409892
KTaAgNbO6,3.433225646
KTaAgTaO6,3.966798043
KTaBaSnO6,5.196457856
KTaBaTiO6,3.753540391
KTaCaGeO6,5.429801846
KTaCaHfO6,5.46520753
KTaCaSiO6,5.106337532
KTaCaSnO6,5.221454507
KTaCaTiO6,4.251020823
KTaCaZrO6,5.396139557
KTaCsNbO6,3.294911002
KTaCsVO6,2.274588477
KTaGaNbO6,1.72329943
KTaGaTaO6,2.210934079
KTaKNbO6,3.448861519
KTaKSbO6,4.372567795
KTaLaAlO6,5.379821007
KTaLaGaO6,5.70532802
KTaLaInO6,5.816215972
KTaLaScO6,5.649467495
KTaLiNbO6,3.572560671
KTaLiTaO6,4.13821904
KTaLiVO6,2.301864217
KTaMgTiO6,5.203062127
KTaMgZrO6,5.499681919
KTaNaNbO6,3.540818105
KTaNaSbO6,4.710700726
KTaNaTaO6,4.105232239
KTaNaVO6,1.977986049
KTaPbHfO6,5.212113424
KTaPbTiO6,3.929727131
KTaPbZrO6,5.116273478
KTaRbNbO6,3.385510444
KTaRbTaO6,3.939485875
KTaSnHfO6,4.123323475
KTaSnTiO6,3.196291471
KTaSnZrO6,4.092547044
KTaSrGeO6,5.134653758
KTaSrHfO6,5.157179336
KTaSrSiO6,5.004405535
KTaSrSnO6,5.550200753
KTaSrTiO6,3.877403015
KTaSrZrO6,5.061804247
KTaTlNbO6,1.760505571
KTaTlTaO6,2.244292146
KTaYAlO6,5.733834897
LaAlLaGaO6,6.766541856
LaAlLaInO6,6.523672765
LaAlMgTiO6,5.189103214
LaAlSnTiO6,3.452664382
LaAlYAlO6,7.493232168
LaGaLaInO6,5.0911409
LaGaMgTiO6,5.244393485
LaGaSnTiO6,4.003966794
LaGaYAlO6,6.95217569
LaInMgTiO6,5.177625765
LaInSnTiO6,3.324618535
LaInYAlO6,6.125274178
LaScAgNbO6,4.33272259
LaScAgTaO6,5.009320756
LaScBaSnO6,6.787878886
LaScBaTiO6,5.052614065
LaScCaGeO6,7.230272945
LaScCaSiO6,7.136365745
LaScCaSnO6,6.652121121
LaScCaTiO6,5.360804586
LaScCsNbO6,4.414961176
LaScCsVO6,2.104586049
LaScGaNbO6,2.439044072
LaScInNbO6,1.623070352
LaScKNbO6,4.819276462
LaScKSbO6,5.827808786
LaScLaAlO6,6.066795195
LaScLaGaO6,6.065509156
LaScLaInO6,6.687201247
LaScLiNbO6,4.815912181
LaScLiTaO6,5.566786019
LaScLiVO6,2.829679604
LaScMgTiO6,5.328311049
LaScMgZrO6,7.318121814
LaScNaNbO6,4.961520789
LaScNaSbO6,6.025996426
LaScNaVO6,2.340322481
LaScPbHfO6,5.582233225
LaScPbTiO6,5.02202552
LaScPbZrO6,5.69255743
LaScRbNbO6,4.729214611
LaScSnHfO6,5.144975193
LaScSnTiO6,3.53219192
LaScSnZrO6,5.033477645
LaScSrGeO6,7.046287532
LaScSrHfO6,7.331300549
LaScSrSiO6,7.056130171
LaScSrSnO6,6.589774789
LaScSrTiO6,5.102706272
LaScSrZrO6,7.093181861
LaScTlNbO6,2.938221938
LaScTlTaO6,3.672398617
LaScYAlO6,7.503217509
LiNbAgNbO6,3.196015637
LiNbCaGeO6,4.659391641
LiNbCaSiO6,4.303741955
LiNbCaSnO6,4.816024988
LiNbCaTiO6,3.647495276
LiNbLaAlO6,4.578444546
LiNbLaGaO6,4.680252029
LiNbLaInO6,4.789109121
LiNbMgTiO6,5.184540584
LiNbSnTiO6,2.791704414
LiNbSrGeO6,4.595673331
LiNbSrSnO6,5.081040725
LiNbYAlO6,5.004391786
LiTaAgNbO6,3.554134478
LiTaAgTaO6,4.076533852
LiTaBaSnO6,5.588445276
LiTaBaTiO6,3.879725309
LiTaCaGeO6,5.709269761
LiTaCaHfO6,5.736424391
LiTaCaSiO6,5.329736032
LiTaCaSnO6,5.380446883
LiTaCaTiO6,4.095229431
LiTaCsNbO6,3.395525567
LiTaCsVO6,2.599914523
LiTaGaNbO6,1.730549506
LiTaGaTaO6,2.22363242
LiTaKNbO6,3.572092108
LiTaKSbO6,4.815169799
LiTaLaAlO6,5.475204549
LiTaLaGaO6,5.800399131
LiTaLaInO6,5.462839196
LiTaLiNbO6,3.784446853
LiTaLiVO6,2.046245105
LiTaMgTiO6,5.556495063
LiTaMgZrO6,6.196617848
LiTaNaNbO6,3.680948662
LiTaNaSbO6,5.200533194
LiTaNaTaO6,4.252210484
LiTaNaVO6,2.545787213
LiTaPbHfO6,5.216893252
LiTaPbTiO6,4.072581019
LiTaPbZrO6,5.087064944
LiTaRbNbO6,3.510160202
LiTaSnHfO6,4.033662859
LiTaSnTiO6,3.193104076
LiTaSnZrO6,4.001917779
LiTaSrGeO6,5.630547119
LiTaSrHfO6,5.270828814
LiTaSrSiO6,5.238077372
LiTaSrSnO6,5.96871878
LiTaSrTiO6,4.014617303
LiTaTlNbO6,1.757873497
LiTaTlTaO6,2.248528162
LiTaYAlO6,6.007036608
LiVAgNbO6,2.152959222
LiVCaGeO6,2.638234338
LiVCaSiO6,1.748630683
LiVCaSnO6,2.241717159
LiVCaTiO6,3.037879554
LiVCsNbO6,2.733391795
LiVKNbO6,2.205816478
LiVLaAlO6,2.385917639
LiVLaGaO6,2.399066466
LiVLaInO6,2.757312288
LiVLiNbO6,2.293919511
LiVMgTiO6,3.316236372
LiVRbNbO6,2.267615615
LiVSnTiO6,0.814423789
LiVSrSnO6,2.206413884
LiVTlNbO6,0.371308878
LiVYAlO6,2.263499247
MgTiSnTiO6,2.321158509
MgTiYAlO6,5.332891749
MgZrAgNbO6,4.547511185
MgZrAgTaO6,4.931917058
MgZrCaGeO6,6.476064938
MgZrCaSiO6,7.780486817
MgZrCaSnO6,6.514943947
MgZrCaTiO6,5.92861799
MgZrInTaO6,2.058860702
MgZrLaAlO6,7.244306501
MgZrLaGaO6,6.972198503
MgZrLaInO6,6.202966753
MgZrLiNbO6,5.014033707
MgZrLiVO6,3.388074816
MgZrMgTiO6,5.855148192
MgZrNaNbO6,5.722109937
MgZrNaSbO6,5.816665475
MgZrNaVO6,3.175799158
MgZrPbHfO6,5.131563185
MgZrPbTiO6,4.57721179
MgZrPbZrO6,5.703907938
MgZrRbNbO6,5.208754396
MgZrSnHfO6,4.845414529
MgZrSnTiO6,3.285225476
MgZrSnZrO6,4.79223757
MgZrSrGeO6,5.950811102
MgZrSrSiO6,7.353328806
MgZrSrSnO6,6.360185946
MgZrSrTiO6,5.734546456
MgZrTlNbO6,3.544579097
MgZrTlTaO6,4.248901231
MgZrYAlO6,7.555574901
NaNbAgNbO6,3.139328058
NaNbCaGeO6,4.62174398
NaNbCaSiO6,4.24087257
NaNbCaSnO6,4.925651545
NaNbCaTiO6,4.451940278
NaNbLaAlO6,4.557970413
NaNbLaGaO6,4.913052241
NaNbLaInO6,5.013442147
NaNbLiNbO6,3.659244615
NaNbLiVO6,2.760541559
NaNbMgTiO6,5.159811711
NaNbNaSbO6,4.537857987
NaNbNaVO6,2.744136121
NaNbSnTiO6,2.796893306
NaNbSrGeO6,4.563114357
NaNbSrSiO6,4.111084921
NaNbSrSnO6,5.055755556
NaNbSrTiO6,3.546993655
NaNbYAlO6,4.904866831
NaSbAgNbO6,4.154201606
NaSbCaGeO6,2.826551875
NaSbCaSiO6,3.831576869
NaSbCaSnO6,3.14998536
NaSbCaTiO6,4.569549916
NaSbLaAlO6,4.720018949
NaSbLaGaO6,3.114709108
NaSbLaInO6,3.909197233
NaSbLiNbO6,4.652893468
NaSbLiVO6,2.521096508
NaSbMgTiO6,4.316566414
NaSbNaVO6,1.933565235
NaSbSnTiO6,3.277038807
NaSbSrGeO6,2.10329495
NaSbSrSiO6,2.87021297
NaSbSrSnO6,2.010337533
NaSbSrTiO6,4.337563243
NaSbYAlO6,5.345071995
NaTaAgNbO6,3.523243739
NaTaAgTaO6,4.048614558
NaTaBaSnO6,5.488531427
NaTaBaTiO6,3.851203471
NaTaCaGeO6,5.672504696
NaTaCaSiO6,5.285961533
NaTaCaSnO6,5.618239319
NaTaCaTiO6,4.063019945
NaTaCsNbO6,3.37538625
NaTaCsVO6,2.363009793
NaTaGaNbO6,1.730621385
NaTaGaTaO6,2.222919423
NaTaKNbO6,3.540237672
NaTaKSbO6,4.704438422
NaTaLaAlO6,5.463483714
NaTaLaGaO6,5.783047389
NaTaLaInO6,5.796447733
NaTaLaScO6,5.81349461
NaTaLiNbO6,3.680629719
NaTaLiVO6,2.329410389
NaTaMgTiO6,5.507143417
NaTaMgZrO6,6.569568849
NaTaNaNbO6,3.647117014
NaTaNaSbO6,5.074337872
NaTaNaVO6,2.169068677
NaTaPbHfO6,5.305299178
NaTaPbTiO6,4.039463554
NaTaPbZrO6,5.216403865
NaTaRbNbO6,3.480014569
NaTaSnHfO6,3.914535872
NaTaSnTiO6,3.195873205
NaTaSnZrO6,3.898925658
NaTaSrGeO6,5.506571885
NaTaSrHfO6,5.245269065
NaTaSrSiO6,5.199998746
NaTaSrSnO6,5.861567096
NaTaSrTiO6,3.984039403
NaTaSrZrO6,5.150326621
NaTaTlNbO6,1.759992136
NaTaTlTaO6,2.248121897
NaTaYAlO6,5.979767534
NaVAgNbO6,2.024041846
NaVCaGeO6,2.040410527
NaVCaSiO6,1.556374115
NaVCaSnO6,2.198835873
NaVCaTiO6,2.748175665
NaVKNbO6,2.30764797
NaVLaAlO6,2.104043702
NaVLaGaO6,2.327056312
NaVLaInO6,2.544322997
NaVLiNbO6,2.81010926
NaVLiVO6,1.782964202
NaVMgTiO6,2.975484912
NaVRbNbO6,2.345476269
NaVSnTiO6,0.833213251
NaVSrGeO6,1.851035372
NaVSrSiO6,1.548547901
NaVSrSnO6,2.194622653
NaVSrTiO6,2.053965934
NaVTlNbO6,0.48533037
NaVYAlO6,2.225434488
PbHfAgNbO6,4.224152118
PbHfBaSnO6,5.867489513
PbHfBaTiO6,4.715173396
PbHfCaGeO6,5.438871864
PbHfCaSiO6,6.23205056
PbHfCaSnO6,6.036393612
PbHfCaTiO6,4.381883728
PbHfCsVO6,1.830093634
PbHfGaNbO6,2.729158284
PbHfGaTaO6,3.513598295
PbHfInNbO6,1.491118527
PbHfKNbO6,4.347420461
PbHfKSbO6,5.483723223
PbHfLaAlO6,6.240145632
PbHfLaGaO6,6.330118621
PbHfLaInO6,5.39337693
PbHfLiNbO6,4.317254424
PbHfLiVO6,1.971901666
PbHfMgTiO6,4.089321614
PbHfNaNbO6,4.135896987
PbHfNaSbO6,5.76696615
PbHfNaVO6,1.9634335
PbHfPbTiO6,4.510073988
PbHfPbZrO6,5.083910042
PbHfRbNbO6,4.294597438
PbHfSnHfO6,4.399268884
PbHfSnTiO6,3.97386115
PbHfSnZrO6,4.38249106
PbHfSrGeO6,6.239783015
PbHfSrSiO6,6.223094959
PbHfSrSnO6,5.969245121
PbHfSrTiO6,4.511809568
PbHfTlNbO6,2.759636618
PbHfTlTaO6,3.520176139
PbHfYAlO6,5.658814835
PbTiAgNbO6,3.374084532
PbTiBaSnO6,4.748196307
PbTiBaTiO6,3.64716967
PbTiCaGeO6,4.326039143
PbTiCaSiO6,3.616892582
PbTiCaSnO6,3.866511669
PbTiCaTiO6,3.759636442
PbTiLaAlO6,4.438175554
PbTiLaGaO6,4.949207085
PbTiLaInO6,4.37995343
PbTiLiNbO6,3.632440439
PbTiLiVO6,1.564150221
PbTiMgTiO6,3.54079145
PbTiNaNbO6,3.603454802
PbTiNaSbO6,4.20100595
PbTiNaVO6,2.078686619
PbTiSnTiO6,2.740887039
PbTiSrGeO6,4.214439804
PbTiSrSiO6,3.639510723
PbTiSrSnO6,4.982430469
PbTiSrTiO6,3.754054864
PbTiTlNbO6,2.253986807
PbTiYAlO6,3.887638405
PbZrAgNbO6,4.166115284
PbZrBaSnO6,5.796148247
PbZrBaTiO6,4.688502615
PbZrCaGeO6,6.26137224
PbZrCaSiO6,6.062284869
PbZrCaSnO6,5.978942608
PbZrCaTiO6,4.347411697
PbZrCsVO6,2.327454613
PbZrGaNbO6,2.728501752
PbZrInNbO6,1.502295363
PbZrKNbO6,4.301584994
PbZrKSbO6,5.411015669
PbZrLaAlO6,6.123085031
PbZrLaGaO6,5.792527133
PbZrLaInO6,5.413060914
PbZrLiNbO6,4.322954385
PbZrLiVO6,1.984307728
PbZrMgTiO6,4.199383995
PbZrNaNbO6,4.26853485
PbZrNaSbO6,5.661587712
PbZrNaVO6,1.975980895
PbZrPbTiO6,4.486692552
PbZrRbNbO6,4.42595383
PbZrSnHfO6,4.382511212
PbZrSnTiO6,3.967840494
PbZrSnZrO6,4.372622984
PbZrSrGeO6,6.143619812
PbZrSrSiO6,6.047798161
PbZrSrSnO6,5.909817046
PbZrSrTiO6,4.782362473
PbZrTlNbO6,2.769123763
PbZrYAlO6,5.580683524
RbNbAgNbO6,3.000554212
RbNbBaSnO6,4.582478857
RbNbBaTiO6,3.825994961
RbNbCaGeO6,4.444933002
RbNbCaSiO6,3.961833599
RbNbCaSnO6,4.978006733
RbNbCaTiO6,3.464606286
RbNbGaNbO6,1.501461081
RbNbLaAlO6,4.45268281
RbNbLaGaO6,4.739790941
RbNbLaInO6,4.788646563
RbNbLiNbO6,3.132605798
RbNbMgTiO6,3.912256022
RbNbNaNbO6,3.104351528
RbNbNaSbO6,4.001396256
RbNbPbTiO6,3.927842162
RbNbSnTiO6,2.827129685
RbNbSnZrO6,3.402918374
RbNbSrGeO6,4.380221184
RbNbSrSiO6,3.912411102
RbNbSrSnO6,4.866665774
RbNbSrTiO6,3.404490411
RbNbTlNbO6,1.926609234
RbNbTlTaO6,1.755772218
RbNbYAlO6,4.581560313
RbTaAgNbO6,3.372259
RbTaAgTaO6,3.912786912
RbTaBaSnO6,5.005447926
RbTaBaTiO6,3.725461181
RbTaCaGeO6,5.172654926
RbTaCaHfO6,5.344751259
RbTaCaSiO6,5.009983702
RbTaCaSnO6,5.542419882
RbTaCaTiO6,4.15025041
RbTaCaZrO6,5.289425231
RbTaCsNbO6,3.244169484
RbTaCsVO6,2.256230932
RbTaGaNbO6,1.714926982
RbTaGaTaO6,2.197091366
RbTaKNbO6,3.385357147
RbTaKSbO6,4.138193241
RbTaLaAlO6,5.350370897
RbTaLaGaO6,5.68309794
RbTaLaInO6,5.659890797
RbTaLaScO6,5.569235185
RbTaLiNbO6,3.503887171
RbTaLiTaO6,4.063775902
RbTaLiVO6,2.256156773
RbTaMgTiO6,5.087929236
RbTaMgZrO6,6.155481471
RbTaNaNbO6,3.480365291
RbTaNaSbO6,4.486824192
RbTaNaTaO6,4.032147769
RbTaNaVO6,1.992431484
RbTaPbHfO6,5.152195244
RbTaPbTiO6,3.863966354
RbTaPbZrO6,5.061727768
RbTaRbNbO6,3.324907538
RbTaSnHfO6,4.788507051
RbTaSnTiO6,3.187687673
RbTaSnZrO6,4.738259487
RbTaSrGeO6,4.886605861
RbTaSrHfO6,5.101717351
RbTaSrSiO6,4.925639137
RbTaSrSnO6,5.339337693
RbTaSrTiO6,3.820417026
RbTaSrZrO6,5.004836343
RbTaTlNbO6,1.755690239
RbTaTlTaO6,2.236308333
RbTaYAlO6,5.611690741
SnHfAgNbO6,3.209983605
SnHfBaSnO6,5.174115888
SnHfBaTiO6,4.117569876
SnHfCaGeO6,4.190195999
SnHfCaSiO6,4.879451562
SnHfCaSnO6,3.946579171
SnHfCaTiO6,3.352056245
SnHfCsVO6,1.553908766
SnHfGaNbO6,2.680932059
SnHfGaTaO6,3.434604475
SnHfInNbO6,1.463743255
SnHfKNbO6,4.033855052
SnHfLaAlO6,4.926783336
SnHfLaGaO6,4.783226641
SnHfLaInO6,4.45984096
SnHfLiNbO6,3.257029919
SnHfLiVO6,0.650198371
SnHfMgTiO6,3.126042499
SnHfNaNbO6,3.140093285
SnHfNaSbO6,4.99990274
SnHfNaVO6,1.483239949
SnHfPbTiO6,3.974059783
SnHfRbNbO6,4.012968027
SnHfSnTiO6,3.527115883
SnHfSnZrO6,3.970705007
SnHfSrGeO6,5.080946049
SnHfSrSiO6,4.896460123
SnHfSrSnO6,5.171032937
SnHfSrTiO6,4.144891869
SnHfTlNbO6,2.709728065
SnHfYAlO6,4.336146837
SnTiYAlO6,2.700036899
SnZrAgNbO6,3.229537258
SnZrBaSnO6,5.135553587
SnZrBaTiO6,4.111540315
SnZrCaGeO6,4.991572731
SnZrCaSiO6,4.77896532
SnZrCaSnO6,5.126303777
SnZrCaTiO6,3.430578699
SnZrCaZrO6,4.884594323
SnZrCsVO6,1.579963591
SnZrGaNbO6,2.679548904
SnZrGaTaO6,3.407617962
SnZrInNbO6,1.473774385
SnZrKNbO6,4.021001601
SnZrKSbO6,4.839100803
SnZrLaAlO6,4.858929864
SnZrLaGaO6,4.692095969
SnZrLaInO6,4.423128282
SnZrLiNbO6,3.330009183
SnZrLiVO6,1.496601007
SnZrMgTiO6,3.24826497
SnZrNaNbO6,3.218716099
SnZrNaSbO6,4.940578625
SnZrNaVO6,1.507160671
SnZrPbTiO6,3.968205092
SnZrSnTiO6,3.745150863
SnZrSrGeO6,5.012190275
SnZrSrSiO6,4.792990418
SnZrSrSnO6,5.135155814
SnZrSrTiO6,4.137110462
SnZrTlNbO6,3.199119137
SnZrTlTaO6,3.711956415
SnZrYAlO6,4.252384233
SrGeAgNbO6,4.17527143
SrGeCaGeO6,2.594730579
SrGeCaSiO6,3.610404089
SrGeCaSnO6,3.176619834
SrGeCaTiO6,4.854383494
SrGeLaAlO6,5.326796507
SrGeLaGaO6,3.461904133
SrGeLaInO6,3.979319695
SrGeLiVO6,2.036765745
SrGeMgTiO6,5.057554717
SrGeSnTiO6,3.278589306
SrGeYAlO6,5.805413062
SrHfAgNbO6,4.176895192
SrHfAgTaO6,4.200189633
SrHfBaSnO6,6.263415327
SrHfBaTiO6,4.710168434
SrHfCaGeO6,6.746283956
SrHfCaSiO6,7.294961255
SrHfCaSnO6,6.436087606
SrHfCaTiO6,5.06131937
SrHfCsNbO6,4.252232394
SrHfCsVO6,1.925412534
SrHfGaNbO6,2.752638628
SrHfGaTaO6,3.492686975
SrHfInNbO6,1.472787671
SrHfInTaO6,2.142406138
SrHfKNbO6,4.334239422
SrHfKSbO6,5.652959022
SrHfLaAlO6,7.008201642
SrHfLaGaO6,7.241445283
SrHfLaInO6,6.550766008
SrHfLiNbO6,4.705854233
SrHfLiVO6,1.971766171
SrHfMgTiO6,5.499077752
SrHfMgZrO6,7.474759963
SrHfNaNbO6,4.417036691
SrHfNaSbO6,5.945060913
SrHfNaVO6,1.95911547
SrHfPbHfO6,5.913216316
SrHfPbTiO6,4.806805346
SrHfPbZrO6,5.85190613
SrHfRbNbO6,4.283633554
SrHfSnHfO6,5.167009671
SrHfSnTiO6,3.490516735
SrHfSnZrO6,5.142678923
SrHfSrGeO6,6.492423051
SrHfSrSiO6,7.274729675
SrHfSrSnO6,6.398151683
SrHfSrTiO6,4.808535196
SrHfSrZrO6,6.587499549
SrHfTlNbO6,2.789967739
SrHfTlTaO6,3.537462784
SrHfYAlO6,7.85475225
SrSiAgNbO6,3.735156221
SrSiCaGeO6,3.591819082
SrSiCaSiO6,5.791606342
SrSiCaSnO6,3.879590944
SrSiCaTiO6,4.490676552
SrSiLaAlO6,7.781253229
SrSiLaGaO6,5.025059286
SrSiLaInO6,5.1817765
SrSiLiNbO6,4.200926152
SrSiLiVO6,1.55928847
SrSiMgTiO6,5.003049204
SrSiSnTiO6,2.61479547
SrSiSrGeO6,3.06110138
SrSiSrSnO6,3.529644563
SrSiSrTiO6,4.387038008
SrSiYAlO6,8.103995713
SrSnAgNbO6,4.236154672
SrSnCaGeO6,2.579727765
SrSnCaSiO6,3.848751305
SrSnCaSnO6,3.697927802
SrSnCaTiO6,4.770072455
SrSnLaAlO6,5.552495553
SrSnLaGaO6,4.088655265
SrSnLaInO6,4.176892582
SrSnMgTiO6,5.151680803
SrSnSnTiO6,4.288963447
SrSnSrGeO6,2.299718075
SrSnSrTiO6,5.121862654
SrSnYAlO6,5.559431157
SrTiAgNbO6,3.339764295
SrTiCaGeO6,4.897520596
SrTiCaSiO6,4.487936065
SrTiCaSnO6,4.770601938
SrTiCaTiO6,3.931832825
SrTiLaAlO6,4.975239684
SrTiLaGaO6,5.29666036
SrTiLaInO6,5.292661823
SrTiLiNbO6,3.574708867
SrTiLiVO6,2.701019829
SrTiMgTiO6,4.740281538
SrTiSnTiO6,2.822797487
SrTiSrGeO6,4.676873549
SrTiYAlO6,5.292063377
SrZrAgNbO6,4.138226816
SrZrAgTaO6,4.170672569
SrZrBaSnO6,6.427321329
SrZrBaTiO6,4.674153802
SrZrCaGeO6,6.200940699
SrZrCaSiO6,6.823548556
SrZrCaSnO6,6.727992178
SrZrCaTiO6,5.064483253
SrZrCsNbO6,4.204970633
SrZrCsVO6,2.301070665
SrZrGaNbO6,2.75034975
SrZrGaTaO6,3.445174563
SrZrInNbO6,1.480554007
SrZrInTaO6,2.104380205
SrZrKNbO6,4.283561279
SrZrKSbO6,5.578868143
SrZrLaAlO6,6.741766285
SrZrLaGaO6,6.999519732
SrZrLaInO6,6.771740807
SrZrLiNbO6,4.959242475
SrZrLiTaO6,5.176051827
SrZrLiVO6,1.987131612
SrZrMgTiO6,5.717352915
SrZrMgZrO6,6.943180739
SrZrNaNbO6,4.375144271
SrZrNaSbO6,5.864816808
SrZrNaVO6,1.97424218
SrZrPbHfO6,5.851968532
SrZrPbTiO6,4.786374901
SrZrPbZrO6,5.795287748
SrZrRbNbO6,4.240433077
SrZrSnHfO6,5.142562912
SrZrSnTiO6,4.132405402
SrZrSnZrO6,5.126089659
SrZrSrGeO6,6.415338434
SrZrSrSiO6,6.767726491
SrZrSrSnO6,6.667386491
SrZrSrTiO6,4.765770048
SrZrTlNbO6,2.796095934
SrZrTlTaO6,3.494338204
SrZrYAlO6,7.46492109
TlNbAgNbO6,1.863303536
TlNbBaSnO6,2.988799268
TlNbBaTiO6,2.22130272
TlNbCaGeO6,2.121469287
TlNbCaSiO6,1.359093402
TlNbCaSnO6,3.248956849
TlNbCaTiO6,1.844661254
TlNbGaNbO6,1.151941955
TlNbLaAlO6,2.155799154
TlNbLaGaO6,2.713028066
TlNbLaInO6,3.075158113
TlNbLiNbO6,1.438117049
TlNbMgTiO6,1.737647718
TlNbNaNbO6,1.442237178
TlNbNaSbO6,1.927205191
TlNbSnTiO6,2.310134428
TlNbSrGeO6,2.080620924
TlNbSrSiO6,1.42267454
TlNbSrSnO6,3.155717175
TlNbSrTiO6,1.525019204
TlNbTlTaO6,1.496019087
TlNbYAlO6,2.005687868
TlTaAgNbO6,1.792626623
TlTaAgTaO6,2.28245774
TlTaBaSnO6,3.305403
TlTaCaGeO6,2.612967569
TlTaCaSiO6,2.222111758
TlTaCaSnO6,3.614900816
TlTaCaTiO6,1.862690557
TlTaCsNbO6,2.310062164
TlTaGaNbO6,1.474210517
TlTaKNbO6,1.760951658
TlTaKSbO6,2.0733894
TlTaLaAlO6,2.937475473
TlTaLaGaO6,3.420622789
TlTaLaInO6,3.687048868
TlTaLiNbO6,1.758171378
TlTaMgTiO6,2.451618012
TlTaNaNbO6,1.760295096
TlTaNaSbO6,2.276086568
TlTaPbTiO6,1.898800066
TlTaPbZrO6,3.507812622
TlTaSnHfO6,3.505613063
TlTaSnTiO6,1.850789899
TlTaSrGeO6,2.425121676
TlTaSrSiO6,2.29747616
TlTaSrSnO6,3.507231154
TlTaSrTiO6,1.87716885
TlTaYAlO6,2.819711084